{"accuracy": [0.4027857184410095, 0.5463809370994568, 0.6079761981964111, 0.6464762091636658, 0.6727142930030823, 0.6974285840988159, 0.7179047465324402, 0.7346904873847961, 0.7452142834663391, 0.7544999718666077, 0.7659285664558411, 0.7743333578109741, 0.7806428670883179, 0.7910714149475098, 0.7974523901939392, 0.7981904745101929, 0.8083094954490662, 0.8153809309005737, 0.833642840385437, 0.8409523963928223, 0.8441428542137146, 0.8475238084793091, 0.8510714173316956, 0.854357123374939, 0.8554999828338623, 0.8660714030265808, 0.8701428771018982, 0.87028568983078, 0.8734762072563171, 0.8755714297294617, 0.8732143044471741, 0.8812857270240784, 0.8819761872291565, 0.8824523687362671, 0.8858333230018616, 0.8852142691612244, 0.8875238299369812, 0.8899523615837097, 0.8908095359802246, 0.8915238380432129, 0.8900476098060608, 0.8920714259147644, 0.8934524059295654, 0.8940238356590271, 0.8943095207214355, 0.8939762115478516], "loss": [1.6568700075149536, 1.2658478021621704, 1.1008211374282837, 0.9996129870414734, 0.9286648035049438, 0.8566673994064331, 0.8080899119377136, 0.7648618221282959, 0.7342193722724915, 0.7047061920166016, 0.6755311489105225, 0.6485576629638672, 0.6321259140968323, 0.603091299533844, 0.5810357332229614, 0.5733593106269836, 0.5558868646621704, 0.5353266596794128, 0.4781797230243683, 0.46173274517059326, 0.4476827085018158, 0.4392026662826538, 0.4317123293876648, 0.42745038866996765, 0.4135732054710388, 0.3872256875038147, 0.37305358052253723, 0.36970117688179016, 0.36205336451530457, 0.3591406047344208, 0.3579796552658081, 0.3375471532344818, 0.3378469944000244, 0.33230677247047424, 0.32579419016838074, 0.3288850784301758, 0.32132861018180847, 0.31745073199272156, 0.31117960810661316, 0.3136417865753174, 0.31240198016166687, 0.3046305477619171, 0.306857705116272, 0.3066132664680481, 0.30270132422447205, 0.3010593354701996], "val_accuracy": [0.24877777695655823, 0.54666668176651, 0.5631111264228821, 0.5897777676582336, 0.6372222304344177, 0.6015555262565613, 0.6840000152587891, 0.7254444360733032, 0.5687777996063232, 0.74144446849823, 0.7427777647972107, 0.7459999918937683, 0.7082222104072571, 0.7821111083030701, 0.8137778043746948, 0.7919999957084656, 0.7817777991294861, 0.8128888607025146, 0.8316666483879089, 0.8349999785423279, 0.8320000171661377, 0.8445555567741394, 0.8452222347259521, 0.8428888916969299, 0.8314444422721863, 0.8621110916137695, 0.8606666922569275, 0.8656666874885559, 0.8688889145851135, 0.8621110916137695, 0.855222225189209, 0.8775555491447449, 0.8761110901832581, 0.8807777762413025, 0.8797777891159058, 0.8676666617393494, 0.879444420337677, 0.8854444622993469, 0.8811110854148865, 0.8814444541931152, 0.8825555443763733, 0.8817777633666992, 0.8799999952316284, 0.88355553150177, 0.8825555443763733, 0.8833333253860474], "val_loss": [1.9586753845214844, 1.3431411981582642, 1.3268234729766846, 1.2030338048934937, 1.079864263534546, 1.1826798915863037, 0.9202956557273865, 0.7933146953582764, 1.6398218870162964, 0.7343037128448486, 0.749901294708252, 0.7202371954917908, 0.8961601853370667, 0.6326406598091125, 0.5346146821975708, 0.6143434047698975, 0.61366868019104, 0.5541081428527832, 0.4930189847946167, 0.481201171875, 0.49584001302719116, 0.46032068133354187, 0.469502717256546, 0.4822324812412262, 0.5057327747344971, 0.41310346126556396, 0.42590686678886414, 0.4025929272174835, 0.406405508518219, 0.4177640974521637, 0.43919989466667175, 0.3751155734062195, 0.38078516721725464, 0.35383114218711853, 0.3712373673915863, 0.4003225564956665, 0.3690412640571594, 0.3509942293167114, 0.3609805703163147, 0.36077338457107544, 0.36360660195350647, 0.3643852174282074, 0.3672488033771515, 0.3582761287689209, 0.35953235626220703, 0.3589513301849365], "learning_rate": [0.0010000000474974513, 0.0010000000474974513, 0.0010000000474974513, 0.0010000000474974513, 0.0010000000474974513, 0.0010000000474974513, 0.0010000000474974513, 0.0010000000474974513, 0.0010000000474974513, 0.0010000000474974513, 0.0010000000474974513, 0.0010000000474974513, 0.0010000000474974513, 0.0010000000474974513, 0.0010000000474974513, 0.0010000000474974513, 0.0010000000474974513, 0.0010000000474974513, 0.0005000000237487257, 0.0005000000237487257, 0.0005000000237487257, 0.0005000000237487257, 0.0005000000237487257, 0.0005000000237487257, 0.0005000000237487257, 0.0002500000118743628, 0.0002500000118743628, 0.0002500000118743628, 0.0002500000118743628, 0.0002500000118743628, 0.0002500000118743628, 0.0001250000059371814, 0.0001250000059371814, 0.0001250000059371814, 0.0001250000059371814, 0.0001250000059371814, 0.0001250000059371814, 6.25000029685907e-05, 6.25000029685907e-05, 6.25000029685907e-05, 6.25000029685907e-05, 3.125000148429535e-05, 3.125000148429535e-05, 3.125000148429535e-05, 1.5625000742147677e-05, 1.5625000742147677e-05]}